{"cameraMode":{"drawMode":0,"name":"Shaded","section":"Shading Mode"},"sceneLighting":true,"audioPlay":false,"sceneViewState":{"showFog":true,"showMaterialUpdate":false,"showSkybox":true,"showFlares":true,"showImageEffects":true,"showParticleSystems":true},"in2DMode":false,"pivot":{"x":-6.0372514724731449,"y":-3.6959383487701418,"z":0.8987874984741211},"rotation":{"x":-0.17187395691871644,"y":0.13166792690753938,"z":-0.02318674325942993,"w":-0.9760047793388367},"size":18.407169342041017,"orthographic":false}