{"cameraMode":{"drawMode":0,"name":"Shaded","section":"Shading Mode"},"sceneLighting":true,"audioPlay":false,"sceneViewState":{"showFog":true,"showMaterialUpdate":false,"showSkybox":true,"showFlares":true,"showImageEffects":true,"showParticleSystems":true},"in2DMode":false,"pivot":{"x":-1.360646367073059,"y":-1.4157729148864747,"z":7.474571228027344},"rotation":{"x":-0.17461785674095155,"y":0.05667641758918762,"z":-0.01006840355694294,"w":-0.9829521775245667},"size":18.407169342041017,"orthographic":false}