{"cameraMode":{"drawMode":0,"name":"Shaded","section":"Shading Mode"},"sceneLighting":true,"audioPlay":false,"sceneViewState":{"showFog":true,"showMaterialUpdate":false,"showSkybox":true,"showFlares":true,"showImageEffects":true,"showParticleSystems":true},"in2DMode":false,"pivot":{"x":1.8918302059173585,"y":3.1183700561523439,"z":-4.581262588500977},"rotation":{"x":-0.10467179119586945,"y":0.09145961701869965,"z":-0.009665992110967636,"w":-0.9902618527412415},"size":3.2393062114715578,"orthographic":false}